<?xml version="1.0" encoding="UTF-8" ?>
<XMLDB PATH="mod/workshop/db" VERSION="20091029" COMMENT="XMLDB file for Moodle mod/workshop"
    xmlns:xsi="http://www.w3.org/2001/XMLSchema-instance"
    xsi:noNamespaceSchemaLocation="../../../lib/xmldb/xmldb.xsd"
>
  <TABLES>
    <TABLE NAME="workshop" COMMENT="Defines workshop" NEXT="workshop_elements">
      <FIELDS>
        <FIELD NAME="id" TYPE="int" LENGTH="10" NOTNULL="true" UNSIGNED="true" SEQUENCE="true" ENUM="false" NEXT="course"/>
        <FIELD NAME="course" TYPE="int" LENGTH="10" NOTNULL="true" UNSIGNED="true" DEFAULT="0" SEQUENCE="false" ENUM="false" PREVIOUS="id" NEXT="name"/>
        <FIELD NAME="name" TYPE="char" LENGTH="255" NOTNULL="true" SEQUENCE="false" ENUM="false" PREVIOUS="course" NEXT="description"/>
        <FIELD NAME="description" TYPE="text" LENGTH="small" NOTNULL="true" SEQUENCE="false" ENUM="false" PREVIOUS="name" NEXT="wtype"/>
        <FIELD NAME="wtype" TYPE="int" LENGTH="3" NOTNULL="true" UNSIGNED="true" DEFAULT="0" SEQUENCE="false" ENUM="false" PREVIOUS="description" NEXT="nelements"/>
        <FIELD NAME="nelements" TYPE="int" LENGTH="3" NOTNULL="true" UNSIGNED="true" DEFAULT="1" SEQUENCE="false" ENUM="false" PREVIOUS="wtype" NEXT="nattachments"/>
        <FIELD NAME="nattachments" TYPE="int" LENGTH="3" NOTNULL="true" UNSIGNED="true" DEFAULT="0" SEQUENCE="false" ENUM="false" PREVIOUS="nelements" NEXT="phase"/>
        <FIELD NAME="phase" TYPE="int" LENGTH="2" NOTNULL="true" UNSIGNED="true" DEFAULT="0" SEQUENCE="false" ENUM="false" PREVIOUS="nattachments" NEXT="format"/>
        <FIELD NAME="format" TYPE="int" LENGTH="2" NOTNULL="true" UNSIGNED="true" DEFAULT="0" SEQUENCE="false" ENUM="false" PREVIOUS="phase" NEXT="gradingstrategy"/>
        <FIELD NAME="gradingstrategy" TYPE="int" LENGTH="2" NOTNULL="true" UNSIGNED="true" DEFAULT="1" SEQUENCE="false" ENUM="false" PREVIOUS="format" NEXT="resubmit"/>
        <FIELD NAME="resubmit" TYPE="int" LENGTH="2" NOTNULL="true" UNSIGNED="true" DEFAULT="0" SEQUENCE="false" ENUM="false" PREVIOUS="gradingstrategy" NEXT="agreeassessments"/>
        <FIELD NAME="agreeassessments" TYPE="int" LENGTH="2" NOTNULL="true" UNSIGNED="true" DEFAULT="0" SEQUENCE="false" ENUM="false" PREVIOUS="resubmit" NEXT="hidegrades"/>
        <FIELD NAME="hidegrades" TYPE="int" LENGTH="2" NOTNULL="true" UNSIGNED="true" DEFAULT="0" SEQUENCE="false" ENUM="false" PREVIOUS="agreeassessments" NEXT="anonymous"/>
        <FIELD NAME="anonymous" TYPE="int" LENGTH="2" NOTNULL="true" UNSIGNED="true" DEFAULT="0" SEQUENCE="false" ENUM="false" PREVIOUS="hidegrades" NEXT="includeself"/>
        <FIELD NAME="includeself" TYPE="int" LENGTH="2" NOTNULL="true" UNSIGNED="true" DEFAULT="0" SEQUENCE="false" ENUM="false" PREVIOUS="anonymous" NEXT="maxbytes"/>
        <FIELD NAME="maxbytes" TYPE="int" LENGTH="10" NOTNULL="true" UNSIGNED="true" DEFAULT="100000" SEQUENCE="false" ENUM="false" PREVIOUS="includeself" NEXT="submissionstart"/>
        <FIELD NAME="submissionstart" TYPE="int" LENGTH="10" NOTNULL="true" UNSIGNED="true" DEFAULT="0" SEQUENCE="false" ENUM="false" PREVIOUS="maxbytes" NEXT="assessmentstart"/>
        <FIELD NAME="assessmentstart" TYPE="int" LENGTH="10" NOTNULL="true" UNSIGNED="true" DEFAULT="0" SEQUENCE="false" ENUM="false" PREVIOUS="submissionstart" NEXT="submissionend"/>
        <FIELD NAME="submissionend" TYPE="int" LENGTH="10" NOTNULL="true" UNSIGNED="true" DEFAULT="0" SEQUENCE="false" ENUM="false" PREVIOUS="assessmentstart" NEXT="assessmentend"/>
        <FIELD NAME="assessmentend" TYPE="int" LENGTH="10" NOTNULL="true" UNSIGNED="true" DEFAULT="0" SEQUENCE="false" ENUM="false" PREVIOUS="submissionend" NEXT="releasegrades"/>
        <FIELD NAME="releasegrades" TYPE="int" LENGTH="10" NOTNULL="true" UNSIGNED="true" DEFAULT="0" SEQUENCE="false" ENUM="false" PREVIOUS="assessmentend" NEXT="grade"/>
        <FIELD NAME="grade" TYPE="int" LENGTH="3" NOTNULL="true" UNSIGNED="false" DEFAULT="0" SEQUENCE="false" ENUM="false" PREVIOUS="releasegrades" NEXT="gradinggrade"/>
        <FIELD NAME="gradinggrade" TYPE="int" LENGTH="3" NOTNULL="true" UNSIGNED="false" DEFAULT="0" SEQUENCE="false" ENUM="false" PREVIOUS="grade" NEXT="ntassessments"/>
        <FIELD NAME="ntassessments" TYPE="int" LENGTH="3" NOTNULL="true" UNSIGNED="true" DEFAULT="0" SEQUENCE="false" ENUM="false" PREVIOUS="gradinggrade" NEXT="assessmentcomps"/>
        <FIELD NAME="assessmentcomps" TYPE="int" LENGTH="3" NOTNULL="true" UNSIGNED="true" DEFAULT="2" SEQUENCE="false" ENUM="false" PREVIOUS="ntassessments" NEXT="nsassessments"/>
        <FIELD NAME="nsassessments" TYPE="int" LENGTH="3" NOTNULL="true" UNSIGNED="true" DEFAULT="0" SEQUENCE="false" ENUM="false" PREVIOUS="assessmentcomps" NEXT="overallocation"/>
        <FIELD NAME="overallocation" TYPE="int" LENGTH="3" NOTNULL="true" UNSIGNED="true" DEFAULT="0" SEQUENCE="false" ENUM="false" PREVIOUS="nsassessments" NEXT="timemodified"/>
        <FIELD NAME="timemodified" TYPE="int" LENGTH="10" NOTNULL="true" UNSIGNED="true" DEFAULT="0" SEQUENCE="false" ENUM="false" PREVIOUS="overallocation" NEXT="teacherweight"/>
        <FIELD NAME="teacherweight" TYPE="int" LENGTH="3" NOTNULL="true" UNSIGNED="true" DEFAULT="1" SEQUENCE="false" ENUM="false" PREVIOUS="timemodified" NEXT="showleaguetable"/>
        <FIELD NAME="showleaguetable" TYPE="int" LENGTH="3" NOTNULL="true" UNSIGNED="true" DEFAULT="0" SEQUENCE="false" ENUM="false" PREVIOUS="teacherweight" NEXT="usepassword"/>
        <FIELD NAME="usepassword" TYPE="int" LENGTH="3" NOTNULL="true" UNSIGNED="true" DEFAULT="0" SEQUENCE="false" ENUM="false" PREVIOUS="showleaguetable" NEXT="password"/>
        <FIELD NAME="password" TYPE="char" LENGTH="32" NOTNULL="true" SEQUENCE="false" ENUM="false" PREVIOUS="usepassword"/>
      </FIELDS>
      <KEYS>
        <KEY NAME="primary" TYPE="primary" FIELDS="id"/>
      </KEYS>
      <INDEXES>
        <INDEX NAME="course" UNIQUE="false" FIELDS="course"/>
      </INDEXES>
    </TABLE>
    <TABLE NAME="workshop_elements" COMMENT="Info about marking scheme of assignment" PREVIOUS="workshop" NEXT="workshop_rubrics">
      <FIELDS>
        <FIELD NAME="id" TYPE="int" LENGTH="10" NOTNULL="true" UNSIGNED="true" SEQUENCE="true" ENUM="false" NEXT="workshopid"/>
        <FIELD NAME="workshopid" TYPE="int" LENGTH="10" NOTNULL="true" UNSIGNED="true" DEFAULT="0" SEQUENCE="false" ENUM="false" PREVIOUS="id" NEXT="elementno"/>
        <FIELD NAME="elementno" TYPE="int" LENGTH="3" NOTNULL="true" UNSIGNED="true" DEFAULT="0" SEQUENCE="false" ENUM="false" PREVIOUS="workshopid" NEXT="description"/>
        <FIELD NAME="description" TYPE="text" LENGTH="small" NOTNULL="true" SEQUENCE="false" ENUM="false" PREVIOUS="elementno" NEXT="scale"/>
        <FIELD NAME="scale" TYPE="int" LENGTH="3" NOTNULL="true" UNSIGNED="true" DEFAULT="0" SEQUENCE="false" ENUM="false" PREVIOUS="description" NEXT="maxscore"/>
        <FIELD NAME="maxscore" TYPE="int" LENGTH="3" NOTNULL="true" UNSIGNED="true" DEFAULT="1" SEQUENCE="false" ENUM="false" PREVIOUS="scale" NEXT="weight"/>
        <FIELD NAME="weight" TYPE="int" LENGTH="3" NOTNULL="true" UNSIGNED="true" DEFAULT="11" SEQUENCE="false" ENUM="false" PREVIOUS="maxscore" NEXT="stddev"/>
        <FIELD NAME="stddev" TYPE="float" NOTNULL="true" UNSIGNED="false" DEFAULT="0" SEQUENCE="false" ENUM="false" PREVIOUS="weight" NEXT="totalassessments"/>
        <FIELD NAME="totalassessments" TYPE="int" LENGTH="10" NOTNULL="true" UNSIGNED="false" DEFAULT="0" SEQUENCE="false" ENUM="false" PREVIOUS="stddev"/>
      </FIELDS>
      <KEYS>
        <KEY NAME="primary" TYPE="primary" FIELDS="id" NEXT="workshopid"/>
        <KEY NAME="workshopid" TYPE="foreign" FIELDS="workshopid" REFTABLE="workshop" REFFIELDS="id" PREVIOUS="primary"/>
      </KEYS>
    </TABLE>
    <TABLE NAME="workshop_rubrics" COMMENT="Info about the rubrics marking scheme" PREVIOUS="workshop_elements" NEXT="workshop_submissions">
      <FIELDS>
        <FIELD NAME="id" TYPE="int" LENGTH="10" NOTNULL="true" UNSIGNED="true" SEQUENCE="true" ENUM="false" NEXT="workshopid"/>
        <FIELD NAME="workshopid" TYPE="int" LENGTH="10" NOTNULL="true" UNSIGNED="true" DEFAULT="0" SEQUENCE="false" ENUM="false" PREVIOUS="id" NEXT="elementno"/>
        <FIELD NAME="elementno" TYPE="int" LENGTH="10" NOTNULL="true" UNSIGNED="true" DEFAULT="0" SEQUENCE="false" ENUM="false" PREVIOUS="workshopid" NEXT="rubricno"/>
        <FIELD NAME="rubricno" TYPE="int" LENGTH="3" NOTNULL="true" UNSIGNED="true" DEFAULT="0" SEQUENCE="false" ENUM="false" PREVIOUS="elementno" NEXT="description"/>
        <FIELD NAME="description" TYPE="text" LENGTH="small" NOTNULL="true" SEQUENCE="false" ENUM="false" PREVIOUS="rubricno"/>
      </FIELDS>
      <KEYS>
        <KEY NAME="primary" TYPE="primary" FIELDS="id" NEXT="workshopid"/>
        <KEY NAME="workshopid" TYPE="foreign" FIELDS="workshopid" REFTABLE="workshop" REFFIELDS="id" PREVIOUS="primary"/>
      </KEYS>
    </TABLE>
    <TABLE NAME="workshop_submissions" COMMENT="Info about submitted work from teacher and students" PREVIOUS="workshop_rubrics" NEXT="workshop_assessments">
      <FIELDS>
        <FIELD NAME="id" TYPE="int" LENGTH="10" NOTNULL="true" UNSIGNED="true" SEQUENCE="true" ENUM="false" NEXT="workshopid"/>
        <FIELD NAME="workshopid" TYPE="int" LENGTH="10" NOTNULL="true" UNSIGNED="true" DEFAULT="0" SEQUENCE="false" ENUM="false" PREVIOUS="id" NEXT="userid"/>
        <FIELD NAME="userid" TYPE="int" LENGTH="10" NOTNULL="true" UNSIGNED="true" DEFAULT="0" SEQUENCE="false" ENUM="false" PREVIOUS="workshopid" NEXT="title"/>
        <FIELD NAME="title" TYPE="char" LENGTH="100" NOTNULL="true" SEQUENCE="false" ENUM="false" PREVIOUS="userid" NEXT="timecreated"/>
        <FIELD NAME="timecreated" TYPE="int" LENGTH="10" NOTNULL="true" UNSIGNED="true" DEFAULT="0" SEQUENCE="false" ENUM="false" PREVIOUS="title" NEXT="mailed"/>
        <FIELD NAME="mailed" TYPE="int" LENGTH="2" NOTNULL="true" UNSIGNED="true" DEFAULT="0" SEQUENCE="false" ENUM="false" PREVIOUS="timecreated" NEXT="description"/>
        <FIELD NAME="description" TYPE="text" LENGTH="small" NOTNULL="true" SEQUENCE="false" ENUM="false" PREVIOUS="mailed" NEXT="gradinggrade"/>
        <FIELD NAME="gradinggrade" TYPE="int" LENGTH="3" NOTNULL="true" UNSIGNED="true" DEFAULT="0" SEQUENCE="false" ENUM="false" PREVIOUS="description" NEXT="finalgrade"/>
        <FIELD NAME="finalgrade" TYPE="int" LENGTH="3" NOTNULL="true" UNSIGNED="true" DEFAULT="0" SEQUENCE="false" ENUM="false" PREVIOUS="gradinggrade" NEXT="late"/>
        <FIELD NAME="late" TYPE="int" LENGTH="3" NOTNULL="true" UNSIGNED="true" DEFAULT="0" SEQUENCE="false" ENUM="false" PREVIOUS="finalgrade" NEXT="nassessments"/>
        <FIELD NAME="nassessments" TYPE="int" LENGTH="10" NOTNULL="true" UNSIGNED="true" DEFAULT="0" SEQUENCE="false" ENUM="false" PREVIOUS="late"/>
      </FIELDS>
      <KEYS>
        <KEY NAME="primary" TYPE="primary" FIELDS="id" NEXT="workshopid"/>
        <KEY NAME="workshopid" TYPE="foreign" FIELDS="workshopid" REFTABLE="workshop" REFFIELDS="id" PREVIOUS="primary"/>
      </KEYS>
      <INDEXES>
        <INDEX NAME="userid" UNIQUE="false" FIELDS="userid" NEXT="mailed"/>
        <INDEX NAME="mailed" UNIQUE="false" FIELDS="mailed" PREVIOUS="userid"/>
      </INDEXES>
    </TABLE>
    <TABLE NAME="workshop_assessments" COMMENT="Info about assessments by teacher and students" PREVIOUS="workshop_submissions" NEXT="workshop_grades">
      <FIELDS>
        <FIELD NAME="id" TYPE="int" LENGTH="10" NOTNULL="true" UNSIGNED="true" SEQUENCE="true" ENUM="false" NEXT="workshopid"/>
        <FIELD NAME="workshopid" TYPE="int" LENGTH="10" NOTNULL="true" UNSIGNED="true" DEFAULT="0" SEQUENCE="false" ENUM="false" PREVIOUS="id" NEXT="submissionid"/>
        <FIELD NAME="submissionid" TYPE="int" LENGTH="10" NOTNULL="true" UNSIGNED="true" DEFAULT="0" SEQUENCE="false" ENUM="false" PREVIOUS="workshopid" NEXT="userid"/>
        <FIELD NAME="userid" TYPE="int" LENGTH="10" NOTNULL="true" UNSIGNED="true" DEFAULT="0" SEQUENCE="false" ENUM="false" PREVIOUS="submissionid" NEXT="timecreated"/>
        <FIELD NAME="timecreated" TYPE="int" LENGTH="10" NOTNULL="true" UNSIGNED="true" DEFAULT="0" SEQUENCE="false" ENUM="false" PREVIOUS="userid" NEXT="timegraded"/>
        <FIELD NAME="timegraded" TYPE="int" LENGTH="10" NOTNULL="true" UNSIGNED="true" DEFAULT="0" SEQUENCE="false" ENUM="false" PREVIOUS="timecreated" NEXT="timeagreed"/>
        <FIELD NAME="timeagreed" TYPE="int" LENGTH="10" NOTNULL="true" UNSIGNED="true" DEFAULT="0" SEQUENCE="false" ENUM="false" PREVIOUS="timegraded" NEXT="grade"/>
        <FIELD NAME="grade" TYPE="float" NOTNULL="true" UNSIGNED="false" DEFAULT="0" SEQUENCE="false" ENUM="false" PREVIOUS="timeagreed" NEXT="gradinggrade"/>
        <FIELD NAME="gradinggrade" TYPE="int" LENGTH="3" NOTNULL="true" UNSIGNED="false" DEFAULT="0" SEQUENCE="false" ENUM="false" PREVIOUS="grade" NEXT="teachergraded"/>
        <FIELD NAME="teachergraded" TYPE="int" LENGTH="3" NOTNULL="true" UNSIGNED="true" DEFAULT="0" SEQUENCE="false" ENUM="false" PREVIOUS="gradinggrade" NEXT="mailed"/>
        <FIELD NAME="mailed" TYPE="int" LENGTH="3" NOTNULL="true" UNSIGNED="true" DEFAULT="0" SEQUENCE="false" ENUM="false" PREVIOUS="teachergraded" NEXT="resubmission"/>
        <FIELD NAME="resubmission" TYPE="int" LENGTH="3" NOTNULL="true" UNSIGNED="true" DEFAULT="0" SEQUENCE="false" ENUM="false" PREVIOUS="mailed" NEXT="donotuse"/>
        <FIELD NAME="donotuse" TYPE="int" LENGTH="3" NOTNULL="true" UNSIGNED="true" DEFAULT="0" SEQUENCE="false" ENUM="false" PREVIOUS="resubmission" NEXT="generalcomment"/>
        <FIELD NAME="generalcomment" TYPE="text" LENGTH="small" NOTNULL="false" SEQUENCE="false" ENUM="false" PREVIOUS="donotuse" NEXT="teachercomment"/>
        <FIELD NAME="teachercomment" TYPE="text" LENGTH="small" NOTNULL="false" SEQUENCE="false" ENUM="false" PREVIOUS="generalcomment"/>
      </FIELDS>
      <KEYS>
        <KEY NAME="primary" TYPE="primary" FIELDS="id" NEXT="workshopid"/>
        <KEY NAME="workshopid" TYPE="foreign" FIELDS="workshopid" REFTABLE="workshop" REFFIELDS="id" PREVIOUS="primary" NEXT="submissionid"/>
        <KEY NAME="submissionid" TYPE="foreign" FIELDS="submissionid" REFTABLE="workshop_submissions" REFFIELDS="id" PREVIOUS="workshopid"/>
      </KEYS>
      <INDEXES>
        <INDEX NAME="userid" UNIQUE="false" FIELDS="userid" NEXT="mailed"/>
        <INDEX NAME="mailed" UNIQUE="false" FIELDS="mailed" PREVIOUS="userid"/>
      </INDEXES>
    </TABLE>
    <TABLE NAME="workshop_grades" COMMENT="Info about individual grades given to each element" PREVIOUS="workshop_assessments" NEXT="workshop_stockcomments">
      <FIELDS>
        <FIELD NAME="id" TYPE="int" LENGTH="10" NOTNULL="true" UNSIGNED="true" SEQUENCE="true" ENUM="false" NEXT="workshopid"/>
        <FIELD NAME="workshopid" TYPE="int" LENGTH="10" NOTNULL="true" UNSIGNED="true" DEFAULT="0" SEQUENCE="false" ENUM="false" PREVIOUS="id" NEXT="assessmentid"/>
        <FIELD NAME="assessmentid" TYPE="int" LENGTH="10" NOTNULL="true" UNSIGNED="true" DEFAULT="0" SEQUENCE="false" ENUM="false" PREVIOUS="workshopid" NEXT="elementno"/>
        <FIELD NAME="elementno" TYPE="int" LENGTH="10" NOTNULL="true" UNSIGNED="true" DEFAULT="0" SEQUENCE="false" ENUM="false" PREVIOUS="assessmentid" NEXT="feedback"/>
        <FIELD NAME="feedback" TYPE="text" LENGTH="small" NOTNULL="true" SEQUENCE="false" ENUM="false" PREVIOUS="elementno" NEXT="grade"/>
        <FIELD NAME="grade" TYPE="int" LENGTH="3" NOTNULL="true" UNSIGNED="false" DEFAULT="0" SEQUENCE="false" ENUM="false" PREVIOUS="feedback"/>
      </FIELDS>
      <KEYS>
        <KEY NAME="primary" TYPE="primary" FIELDS="id" NEXT="workshopid"/>
        <KEY NAME="workshopid" TYPE="foreign" FIELDS="workshopid" REFTABLE="workshop" REFFIELDS="id" PREVIOUS="primary" NEXT="assessmentid"/>
        <KEY NAME="assessmentid" TYPE="foreign" FIELDS="assessmentid" REFTABLE="workshop_assessments" REFFIELDS="id" PREVIOUS="workshopid"/>
      </KEYS>
    </TABLE>
    <TABLE NAME="workshop_stockcomments" COMMENT="Info about the teacher comment bank" PREVIOUS="workshop_grades" NEXT="workshop_comments">
      <FIELDS>
        <FIELD NAME="id" TYPE="int" LENGTH="10" NOTNULL="true" UNSIGNED="true" SEQUENCE="true" ENUM="false" NEXT="workshopid"/>
        <FIELD NAME="workshopid" TYPE="int" LENGTH="10" NOTNULL="true" UNSIGNED="true" DEFAULT="0" SEQUENCE="false" ENUM="false" PREVIOUS="id" NEXT="elementno"/>
        <FIELD NAME="elementno" TYPE="int" LENGTH="10" NOTNULL="true" UNSIGNED="true" DEFAULT="0" SEQUENCE="false" ENUM="false" PREVIOUS="workshopid" NEXT="comments"/>
        <FIELD NAME="comments" TYPE="text" LENGTH="small" NOTNULL="true" SEQUENCE="false" ENUM="false" PREVIOUS="elementno"/>
      </FIELDS>
      <KEYS>
        <KEY NAME="primary" TYPE="primary" FIELDS="id" NEXT="workshopid"/>
        <KEY NAME="workshopid" TYPE="foreign" FIELDS="workshopid" REFTABLE="workshop" REFFIELDS="id" PREVIOUS="primary"/>
      </KEYS>
    </TABLE>
    <TABLE NAME="workshop_comments" COMMENT="Defines comments" PREVIOUS="workshop_stockcomments">
      <FIELDS>
        <FIELD NAME="id" TYPE="int" LENGTH="10" NOTNULL="true" UNSIGNED="true" SEQUENCE="true" ENUM="false" NEXT="workshopid"/>
        <FIELD NAME="workshopid" TYPE="int" LENGTH="10" NOTNULL="true" UNSIGNED="true" DEFAULT="0" SEQUENCE="false" ENUM="false" PREVIOUS="id" NEXT="assessmentid"/>
        <FIELD NAME="assessmentid" TYPE="int" LENGTH="10" NOTNULL="true" UNSIGNED="true" DEFAULT="0" SEQUENCE="false" ENUM="false" PREVIOUS="workshopid" NEXT="userid"/>
        <FIELD NAME="userid" TYPE="int" LENGTH="10" NOTNULL="true" UNSIGNED="true" DEFAULT="0" SEQUENCE="false" ENUM="false" PREVIOUS="assessmentid" NEXT="timecreated"/>
        <FIELD NAME="timecreated" TYPE="int" LENGTH="10" NOTNULL="true" UNSIGNED="true" DEFAULT="0" SEQUENCE="false" ENUM="false" PREVIOUS="userid" NEXT="mailed"/>
        <FIELD NAME="mailed" TYPE="int" LENGTH="2" NOTNULL="true" UNSIGNED="true" DEFAULT="0" SEQUENCE="false" ENUM="false" PREVIOUS="timecreated" NEXT="comments"/>
        <FIELD NAME="comments" TYPE="text" LENGTH="small" NOTNULL="true" SEQUENCE="false" ENUM="false" PREVIOUS="mailed"/>
      </FIELDS>
      <KEYS>
        <KEY NAME="primary" TYPE="primary" FIELDS="id" NEXT="workshopid"/>
        <KEY NAME="workshopid" TYPE="foreign" FIELDS="workshopid" REFTABLE="workshop" REFFIELDS="id" PREVIOUS="primary" NEXT="assessmentid"/>
        <KEY NAME="assessmentid" TYPE="foreign" FIELDS="assessmentid" REFTABLE="workshop_assessments" REFFIELDS="id" PREVIOUS="workshopid"/>
      </KEYS>
      <INDEXES>
        <INDEX NAME="userid" UNIQUE="false" FIELDS="userid" NEXT="mailed"/>
        <INDEX NAME="mailed" UNIQUE="false" FIELDS="mailed" PREVIOUS="userid"/>
      </INDEXES>
    </TABLE>
  </TABLES>
  <STATEMENTS>
    <STATEMENT NAME="insert log_display" TYPE="insert" TABLE="log_display" COMMENT="Initial insert of records on table log_display">
      <SENTENCES>
        <SENTENCE TEXT="(module, action, mtable, field) VALUES ('workshop', 'assessments', 'workshop', 'name')" />
        <SENTENCE TEXT="(module, action, mtable, field) VALUES ('workshop', 'close', 'workshop', 'name')" />
        <SENTENCE TEXT="(module, action, mtable, field) VALUES ('workshop', 'display', 'workshop', 'name')" />
        <SENTENCE TEXT="(module, action, mtable, field) VALUES ('workshop', 'resubmit', 'workshop', 'name')" />
        <SENTENCE TEXT="(module, action, mtable, field) VALUES ('workshop', 'set up', 'workshop', 'name')" />
        <SENTENCE TEXT="(module, action, mtable, field) VALUES ('workshop', 'submissions', 'workshop', 'name')" />
        <SENTENCE TEXT="(module, action, mtable, field) VALUES ('workshop', 'view', 'workshop', 'name')" />
        <SENTENCE TEXT="(module, action, mtable, field) VALUES ('workshop', 'update', 'workshop', 'name')" />
      </SENTENCES>
    </STATEMENT>
  </STATEMENTS>
</XMLDB>